{"imageProcessing":{"toneMappingEnabled":true,"contrast":1.8571429661342076,"exposure":0.8285714558192662,"colorCurvesEnabled":false,"colorCurves":{"_dirty":false,"_tempColor":{"r":1,"g":0.6906666666666665,"b":0.6799999999999999,"a":1.4},"_globalCurve":{"r":0.6799999999999999,"g":0.8933333333333333,"b":1,"a":1.8},"_highlightsCurve":{"r":0.6799999999999999,"g":0.7027555555555555,"b":0.6799999999999999,"a":0.35999999999999993},"_midtonesCurve":{"r":0.6799999999999999,"g":0.8933333333333333,"b":1,"a":1.8},"_shadowsCurve":{"r":0.6799999999999999,"g":0.6169955555555554,"b":0.6799999999999999,"a":2.52},"_positiveCurve":{"r":0,"g":-0.19057777777777785,"b":-0.32000000000000006,"a":-1.4400000000000002},"_negativeCurve":{"r":0,"g":0.2763377777777779,"b":0.32000000000000006,"a":-0.72},"_globalHue":200,"_globalDensity":80,"_globalSaturation":80,"_globalExposure":0,"_highlightsHue":20,"_highlightsDensity":80,"_highlightsSaturation":-80,"_highlightsExposure":0,"_midtonesHue":30,"_midtonesDensity":0,"_midtonesSaturation":0,"_midtonesExposure":0,"_shadowsHue":2,"_shadowsDensity":80,"_shadowsSaturation":40,"_shadowsExposure":0},"vignetteEnabled":false,"vignetteBlendMode":0,"vignetteColor":{"r":0,"g":0,"b":0,"a":0},"vignetteWeight":1.5},"depthOfField":{"focusDistance":11731.534615384615,"fStop":1.0346153846153847,"focalLength":150},"chromaticAberration":{"aberrationAmount":30,"radialIntensity":0,"direction":{"x":0.707,"y":0.707}},"sharpen":{"edgeAmount":0.36153893103966345,"colorAmount":1},"grain":{"intensity":9.615396352914663,"animated":true},"samples":4,"fxaaEnabled":true,"bloomEnabled":true,"bloomKernel":64,"bloomWeight":0.15,"bloomThreshold":0.5230769230769231,"bloomScale":0.5,"depthOfFieldEnabled":false,"chromaticAberrationEnabled":false,"sharpenEnabled":true,"grainEnabled":true}